GEOID,county_name,total_pop,median_hh_income,pov_rate,under_200_fpl_pct,uninsured_pct,pct_65_plus,lep_pct,pct_hispanic,pct_black_nh,pct_white_nh,pct_asian_nh,need_score
34027040101,Morris,4180,119135.0,3.18,8.97,4.69,15.38,12.96,16.44,5.96,74.21,2.03,11.9
34027040102,Morris,6721,118920.0,3.61,15.48,6.73,23.55,1.24,14.61,0.92,71.97,8.09,11.4
34027040200,Morris,6995,125765.0,5.16,7.73,5.38,14.92,1.31,12.74,0.0,83.67,2.03,7.9
34027040301,Morris,4168,103593.0,5.4,13.96,2.0,59.74,2.51,6.89,4.56,85.84,1.78,19.7
34027040302,Morris,4413,141790.0,5.82,13.53,3.99,23.36,1.14,8.34,0.0,86.63,1.72,10.9
34027040400,Morris,4084,96667.0,10.14,18.19,3.92,21.84,6.04,15.4,1.71,75.2,3.21,14.2
34027040500,Morris,3641,97917.0,15.98,25.95,5.99,13.6,7.79,25.02,0.99,63.94,7.64,16.2
34027040600,Morris,4431,116423.0,3.9,8.37,2.14,16.34,3.3,24.62,1.62,70.53,1.74,8.1
34027040701,Morris,5835,163281.0,2.9,4.35,3.22,16.47,0.42,4.32,0.14,88.38,5.33,6.3
34027040702,Morris,4136,191071.0,0.77,1.21,3.65,15.01,3.16,7.33,0.7,81.33,8.53,5.9
34027040801,Morris,4857,222426.0,2.02,4.47,1.28,15.94,2.42,5.85,0.0,76.96,15.67,6.3
34027040803,Morris,7348,159722.0,5.76,7.4,3.47,20.32,1.09,3.4,1.92,66.25,23.73,8.8
34027040804,Morris,3889,171989.0,2.11,6.75,2.37,26.02,11.22,6.61,1.41,56.42,31.09,12.6
34027040805,Morris,6327,179250.0,1.96,6.54,1.12,23.74,2.83,8.33,1.66,69.16,19.82,8.7
34027040900,Morris,4392,186964.0,1.07,1.75,2.66,20.29,1.93,5.05,1.34,90.3,3.21,6.7
34027041000,Morris,4982,91023.0,7.36,14.95,5.55,15.27,0.98,10.7,5.84,73.69,3.85,9.8
34027041100,Morris,3821,109539.0,7.69,24.32,8.27,15.6,3.15,20.41,6.39,59.09,9.19,13.2
34027041200,Morris,4535,250001.0,1.32,4.74,0.53,11.44,0.78,3.59,0.0,78.02,13.25,4.4
34027041300,Morris,4983,170313.0,5.17,7.23,2.54,24.62,0.0,4.52,0.14,81.4,8.99,9.0
34027041400,Morris,6032,129976.0,0.73,5.97,5.0,18.25,1.92,6.25,1.71,87.81,2.47,7.4
34027041500,Morris,6095,188694.0,3.15,7.99,5.5,13.4,2.88,11.68,3.15,66.22,12.7,7.7
34027041602,Morris,2835,113625.0,1.8,7.9,0.88,15.87,0.0,5.57,1.98,66.24,19.22,6.0
34027041603,Morris,3597,92096.0,6.92,17.74,4.92,25.49,14.3,9.06,0.7,43.23,43.51,17.4
34027041604,Morris,5306,164125.0,1.06,2.43,0.41,15.27,5.16,9.74,1.88,54.82,24.63,6.3
34027041605,Morris,4566,179500.0,6.55,11.54,2.35,18.86,3.11,9.88,3.7,52.8,30.14,9.9
34027041606,Morris,4095,119250.0,2.15,6.96,1.15,20.27,3.93,10.06,1.83,44.49,41.81,8.4
34027041701,Morris,6711,101173.0,1.92,9.6,3.55,16.55,10.08,6.41,1.1,48.0,40.71,10.7
34027041702,Morris,3220,93400.0,4.6,11.3,3.85,18.23,10.42,16.77,4.01,54.69,21.77,12.3
34027041704,Morris,5249,102250.0,4.29,13.83,3.73,15.15,8.09,8.06,4.17,43.04,39.34,11.1
34027041705,Morris,1587,80938.0,22.53,27.97,1.64,35.98,36.51,2.9,1.89,51.61,40.2,33.1
34027041706,Morris,5749,98613.0,5.69,11.03,3.43,14.32,9.5,8.51,9.27,46.6,35.62,11.1
34027041801,Morris,2637,105438.0,4.21,7.85,5.46,12.21,6.1,4.66,3.91,37.47,52.86,8.8
34027041802,Morris,5337,114722.0,3.99,16.6,4.98,22.26,7.71,13.42,0.24,34.42,50.12,13.4
34027041803,Morris,5183,180618.0,4.18,5.23,1.41,19.83,3.18,3.42,0.69,45.07,48.52,8.2
34027041901,Morris,5647,134963.0,2.3,4.91,2.27,26.67,5.17,15.96,6.73,62.71,13.09,10.2
34027041902,Morris,5459,162596.0,2.0,5.35,1.39,22.49,3.73,6.45,0.0,77.6,12.16,8.6
34027042000,Morris,4633,149436.0,6.28,9.61,1.99,18.63,3.14,7.06,0.09,68.51,15.26,9.4
34027042100,Morris,4092,163929.0,0.68,2.51,1.6,19.75,1.09,10.97,0.39,72.9,10.63,6.1
34027042200,Morris,5902,165904.0,2.1,5.46,6.25,23.14,4.12,10.34,0.53,69.82,18.38,9.9
34027042301,Morris,2435,163594.0,4.02,6.12,1.03,13.35,0.88,11.21,3.82,78.23,1.44,5.9
34027042302,Morris,3779,148646.0,2.3,7.3,4.53,18.39,3.47,5.69,0.93,77.37,11.62,8.6
34027042500,Morris,3423,170833.0,2.22,4.44,3.27,21.82,4.36,9.17,0.0,77.71,6.95,8.9
34027042601,Morris,3393,167604.0,4.74,5.24,0.54,11.91,0.48,15.62,9.73,60.77,11.88,5.3
34027042602,Morris,6318,133646.0,11.6,15.29,0.55,25.42,1.09,7.87,13.5,64.04,11.74,12.4
34027042700,Morris,4457,229914.0,2.84,6.02,1.22,10.37,2.86,6.19,0.96,75.68,12.0,5.6
34027042800,Morris,4762,250001.0,2.2,3.95,2.2,11.78,0.0,4.66,0.0,84.1,9.2,4.6
34027042900,Morris,3714,129318.0,3.87,11.83,2.45,15.83,10.15,20.27,1.56,69.55,4.95,11.2
34027043000,Morris,4399,156461.0,2.14,7.32,8.64,13.23,3.93,19.46,0.0,71.47,5.48,8.3
34027043100,Morris,3636,228333.0,2.45,5.58,3.3,13.83,0.0,10.95,0.03,76.46,8.61,5.7
34027043200,Morris,4715,163906.0,2.98,4.17,0.83,11.33,1.44,7.19,2.69,77.33,4.5,4.9
34027043301,Morris,2386,145901.0,5.53,13.95,3.55,17.1,1.87,17.98,12.91,58.21,5.7,9.6
34027043302,Morris,3782,174688.0,5.92,16.74,4.47,25.09,0.46,2.64,0.0,89.11,3.23,11.8
34027043303,Morris,3831,222125.0,1.38,5.53,1.7,20.46,0.0,9.61,2.32,78.57,7.41,6.7
34027043401,Morris,7543,174948.0,7.82,19.44,6.99,15.92,3.49,15.11,4.15,73.11,2.43,12.2
34027043402,Morris,5697,239250.0,2.68,5.33,0.6,19.03,0.36,5.42,1.69,83.89,2.95,6.5
34027043500,Morris,3669,73996.0,13.11,39.52,19.9,8.64,9.45,46.66,33.88,17.74,0.0,20.4
34027043601,Morris,3007,125333.0,4.1,7.86,1.47,12.8,1.1,16.23,0.76,74.13,7.82,6.3
34027043602,Morris,2923,113348.0,14.22,33.84,20.01,13.68,9.2,45.06,8.11,40.4,5.68,20.7
34027043700,Morris,3429,154250.0,4.66,5.64,1.65,24.53,1.63,4.46,2.27,83.58,6.74,9.0
34027043801,Morris,2844,123281.0,15.36,16.87,6.2,10.97,4.82,6.43,5.66,66.21,3.69,12.6
34027043802,Morris,4384,92885.0,5.57,30.18,17.95,12.66,23.23,47.38,2.67,42.15,4.9,22.4
34027043900,Morris,5085,215612.0,2.56,5.55,1.59,16.42,1.1,3.54,0.47,78.01,12.68,6.4
34027044000,Morris,5916,234583.0,1.17,3.26,3.55,16.77,0.99,7.34,0.56,75.73,12.24,6.0
34027044101,Morris,2723,214286.0,3.56,5.36,1.65,15.98,0.84,8.37,0.0,79.43,7.31,6.4
34027044102,Morris,5886,160812.0,6.32,10.37,5.03,22.26,0.39,16.11,0.0,73.14,7.03,10.0
34027044200,Morris,3882,178810.0,3.76,17.9,3.99,26.89,0.66,4.33,2.5,83.62,3.79,11.9
34027044300,Morris,6589,100028.0,6.25,20.23,6.27,15.74,3.65,19.87,0.74,67.52,7.8,11.9
34027044401,Morris,5303,139959.0,3.85,8.64,2.28,19.05,0.0,11.8,0.0,79.88,4.6,7.6
34027044403,Morris,4880,154000.0,1.62,3.24,0.72,12.58,1.01,13.71,1.6,75.88,5.27,4.5
34027044404,Morris,4453,142981.0,1.5,2.99,2.76,15.14,1.35,13.16,1.57,80.49,2.22,5.6
34027044502,Morris,4373,146396.0,8.19,11.57,4.84,10.56,4.09,25.34,3.8,61.1,5.24,9.2
34027044503,Morris,2455,84773.0,4.03,17.39,2.85,51.28,1.12,0.49,2.57,93.4,1.3,17.7
34027044504,Morris,4346,146341.0,3.43,9.8,2.51,15.62,5.13,32.6,1.29,46.23,14.86,8.9
34027044601,Morris,4660,131066.0,5.48,13.69,1.33,19.57,2.91,15.94,0.32,78.41,0.69,10.0
34027044602,Morris,5492,105120.0,7.14,11.33,4.9,14.38,0.0,5.5,4.9,82.9,2.13,8.4
34027044701,Morris,4771,99620.0,3.9,10.91,3.12,23.6,3.08,10.79,0.23,84.55,0.23,10.5
34027044702,Morris,5612,128529.0,3.28,7.91,4.1,17.66,3.4,12.1,11.19,63.47,9.8,8.6
34027044800,Morris,7148,68078.0,12.03,56.27,30.34,13.21,18.48,77.7,1.13,10.16,1.86,30.0
34027044900,Morris,5818,74429.0,4.11,31.86,20.12,17.27,23.13,72.53,7.27,15.42,1.15,23.9
34027045000,Morris,5454,75865.0,19.39,38.87,25.33,13.6,29.1,73.95,2.86,17.36,3.7,31.2
34027045100,Morris,7254,92548.0,18.78,26.03,8.57,18.14,13.14,51.1,0.04,44.84,0.8,20.4
34027045200,Morris,3993,113861.0,4.66,11.72,5.56,17.96,12.6,30.88,2.13,55.55,5.71,13.4
34027045300,Morris,4436,92727.0,6.36,11.71,7.3,23.15,1.25,19.48,5.66,65.62,3.27,11.3
34027045402,Morris,5668,100478.0,10.16,28.39,5.75,18.17,0.0,15.3,7.69,64.8,3.3,13.5
34027045403,Morris,3358,96875.0,4.7,22.82,8.31,22.99,3.79,20.22,3.22,72.13,3.66,14.2
34027045404,Morris,2543,100786.0,8.38,24.54,0.43,19.66,0.0,16.83,2.75,79.59,0.0,11.7
34027045501,Morris,5059,165781.0,3.34,9.17,2.95,19.55,0.0,8.84,0.97,79.24,5.16,7.9
34027045503,Morris,3358,167273.0,4.11,5.87,1.52,16.83,1.78,9.41,5.21,80.11,2.8,7.1
34027045504,Morris,4590,130403.0,1.79,6.25,2.34,13.33,0.74,14.38,4.71,68.06,10.13,5.6
34027045603,Morris,5454,85401.0,10.87,21.65,7.99,12.32,7.95,31.72,0.64,55.06,9.37,14.3
34027045701,Morris,5894,239954.0,1.63,5.33,2.21,6.77,5.29,8.55,5.26,75.28,4.67,5.4
34027045703,Morris,4342,227656.0,6.78,12.08,6.68,11.68,7.36,18.45,1.13,58.36,19.18,10.8
34027045704,Morris,5281,217176.0,1.1,5.43,2.4,17.59,5.5,15.43,0.27,69.97,7.93,8.0
34027045804,Morris,5994,250001.0,1.85,2.25,0.6,16.95,0.8,5.52,0.25,79.91,5.89,5.3
34027045901,Morris,1359,152578.0,7.52,14.52,4.05,19.94,4.37,9.42,1.32,81.24,2.72,11.8
34027045903,Morris,3264,222278.0,4.31,6.62,1.6,14.92,0.55,6.04,1.75,87.38,4.84,6.4
34027045904,Morris,4445,250001.0,1.15,2.26,1.13,15.61,0.93,1.78,0.07,89.74,2.79,5.0
34027046000,Morris,3543,92596.0,8.43,24.99,5.05,14.76,3.57,19.87,11.88,62.57,0.4,12.8
34027046103,Morris,6095,141009.0,6.32,14.22,4.91,15.91,2.0,15.27,1.97,70.91,5.86,9.8
34027046104,Morris,5812,119384.0,0.93,9.81,0.72,14.9,10.57,21.04,9.07,57.9,7.36,9.7
34027046107,Morris,3776,75029.0,13.98,25.58,9.32,9.03,5.94,29.77,15.81,44.17,5.61,14.6
34027046108,Morris,3974,80893.0,4.83,22.02,5.06,13.71,2.97,19.68,0.5,74.56,5.01,10.9
34027046109,Morris,3083,186094.0,2.14,2.47,1.49,13.75,3.46,11.64,8.76,59.13,14.37,5.8
34027046110,Morris,6224,173067.0,3.28,8.03,3.35,12.4,0.73,13.69,9.05,60.14,15.95,6.3
34027046201,Morris,6104,157868.0,3.0,7.92,1.49,22.76,0.0,11.89,2.7,76.8,6.68,8.0
34027046202,Morris,3780,176071.0,5.56,7.33,1.9,15.05,0.72,10.87,0.0,81.3,3.25,7.0
34027046297,Morris,2942,178750.0,4.93,7.61,0.58,18.42,2.33,10.64,2.48,83.24,1.22,8.0
34027046298,Morris,5351,169722.0,1.98,7.07,1.89,19.6,0.0,10.93,0.95,82.3,3.59,6.9
34027046400,Morris,4977,223750.0,2.18,3.83,2.01,21.26,0.39,5.61,0.04,81.84,6.57,6.9
34027046500,Morris,7380,126636.0,12.32,21.19,13.8,11.69,7.95,27.9,3.13,55.19,6.98,15.6
34037371000,Sussex,3808,99521.0,8.26,14.0,4.26,23.4,0.79,5.51,0.29,83.77,6.14,11.5
34037371100,Sussex,3674,109509.0,12.56,16.08,5.01,22.29,0.56,6.29,0.27,91.83,0.08,12.7
34037371200,Sussex,2004,72601.0,10.62,32.5,5.49,15.02,2.86,12.23,0.75,79.69,1.7,14.7
34037371300,Sussex,3981,132569.0,2.44,7.32,3.72,15.27,0.0,12.23,2.34,79.28,0.75,6.4
34037371400,Sussex,2936,124483.0,1.46,13.56,2.35,17.0,0.0,4.39,14.13,75.1,0.0,7.6
34037371502,Sussex,4758,130737.0,2.37,9.5,6.18,19.53,0.0,7.82,0.0,88.97,0.21,8.4
34037371503,Sussex,2829,99615.0,1.91,3.92,2.19,28.56,0.66,5.3,0.11,90.0,1.8,8.7
34037371600,Sussex,2952,83929.0,7.86,20.46,4.61,16.19,0.9,19.85,1.49,76.73,0.75,11.0
34037371700,Sussex,5057,119056.0,4.84,12.81,4.33,15.33,0.0,12.91,2.31,82.5,1.15,8.2
34037371801,Sussex,3906,103906.0,4.84,11.14,4.43,18.13,0.0,3.64,0.0,94.85,0.0,8.6
34037371802,Sussex,3317,94511.0,2.11,20.3,5.7,16.97,2.39,10.85,9.95,75.34,0.0,10.6
34037371900,Sussex,1924,104609.0,2.03,8.56,4.21,17.62,0.0,1.98,0.0,90.54,0.21,7.2
34037372000,Sussex,3055,107339.0,7.0,20.75,3.47,27.07,0.0,4.81,0.46,85.5,1.28,13.0
34037372100,Sussex,1855,96739.0,3.94,19.18,5.77,28.03,1.28,5.93,0.32,90.62,2.16,13.1
34037372200,Sussex,1941,110966.0,1.97,11.67,4.74,25.76,0.0,9.84,0.05,81.81,0.36,9.9
34037372300,Sussex,4090,127643.0,3.59,8.66,1.26,19.73,0.0,5.53,1.78,84.94,2.47,7.5
34037372400,Sussex,2462,118750.0,7.08,13.84,4.92,20.35,0.7,10.8,0.28,86.76,0.08,10.5
34037372500,Sussex,3358,119089.0,8.52,18.79,3.16,18.31,0.0,10.33,10.39,71.41,0.89,10.8
34037372600,Sussex,4881,119122.0,6.83,15.07,0.49,26.7,2.34,9.71,2.6,81.73,1.99,11.9
34037372700,Sussex,3293,90655.0,7.62,21.68,1.0,15.12,9.08,25.48,4.52,63.92,3.98,13.2
34037372800,Sussex,1688,92155.0,6.1,16.71,2.96,18.9,2.85,21.68,0.89,74.17,0.53,10.9
34037372900,Sussex,3250,86667.0,8.99,21.8,8.95,28.86,2.44,17.91,0.77,76.62,0.0,16.0
34037373000,Sussex,2231,104946.0,7.04,14.03,3.63,16.0,3.27,16.58,0.18,78.93,1.3,10.2
34037373100,Sussex,6418,205272.0,5.47,9.01,4.53,13.6,1.82,9.04,0.19,80.17,8.49,7.9
34037373200,Sussex,3800,201532.0,3.11,5.84,1.16,8.45,0.0,10.0,2.05,78.05,1.63,4.1
34037373300,Sussex,3412,181250.0,1.0,2.2,2.75,11.31,4.37,12.31,1.99,80.39,1.38,5.5
34037373400,Sussex,6273,131391.0,1.82,6.48,1.57,19.18,0.4,5.2,0.0,89.65,1.66,6.8
34037373500,Sussex,3648,114375.0,3.65,10.51,3.77,27.66,0.39,6.83,0.82,88.05,0.0,10.5
34037373600,Sussex,2939,105250.0,12.02,17.57,8.04,18.17,1.67,1.46,1.05,87.96,4.59,12.9
34037373700,Sussex,3668,62450.0,21.33,34.11,2.83,27.67,3.72,13.22,4.12,78.03,0.9,20.3
34037373800,Sussex,4668,76063.0,10.55,25.73,3.2,13.45,0.66,12.94,10.39,73.11,0.56,11.7
34037373900,Sussex,4030,109777.0,5.53,18.61,4.12,24.94,2.53,4.81,0.0,89.4,3.57,12.7
34037374000,Sussex,3264,142292.0,5.61,10.43,1.41,18.69,0.34,2.27,0.55,89.71,1.32,8.3
34037374100,Sussex,3644,137083.0,2.83,9.6,2.25,19.98,0.0,12.13,2.55,83.15,0.47,7.8
34037374200,Sussex,2338,136912.0,1.16,15.07,1.58,14.29,0.48,11.68,2.44,80.28,2.05,7.2
34037374300,Sussex,3358,122500.0,3.75,10.21,0.74,15.4,1.3,16.02,0.0,76.35,3.19,7.2
34037374400,Sussex,2386,180583.0,1.63,7.21,1.17,12.95,1.17,11.69,1.89,80.18,0.34,5.6
34037374500,Sussex,1716,129531.0,1.05,7.28,0.99,14.69,0.83,13.0,0.58,81.24,0.76,5.7
34037374600,Sussex,3551,134583.0,2.55,8.96,4.27,13.21,0.0,11.77,3.07,79.92,0.37,6.4
34037374700,Sussex,3914,111373.0,5.75,10.35,4.8,16.45,0.84,23.56,2.94,67.02,5.26,8.6
34037374800,Sussex,4371,109815.0,5.35,8.74,3.39,14.0,0.9,26.47,0.53,68.47,1.21,7.4
34037374900,Sussex,4469,113091.0,2.8,16.87,3.0,9.44,3.54,20.38,3.56,67.93,3.78,8.2
34041030600,Warren,4340,74121.0,14.82,27.44,6.18,19.15,1.54,20.02,12.0,60.32,2.35,15.3
34041030700,Warren,5113,73462.0,10.96,30.32,8.61,12.2,0.39,16.92,21.92,50.64,2.09,13.4
34041030800,Warren,3046,73906.0,16.96,31.6,2.14,13.99,0.84,13.43,4.01,79.81,0.0,14.4
34041030900,Warren,2752,24728.0,33.94,52.83,7.09,15.62,3.45,12.21,7.49,70.53,0.91,24.9
34041031101,Warren,5725,127907.0,3.16,9.99,2.71,19.84,0.0,7.65,0.89,88.56,0.8,8.0
34041031102,Warren,3456,122382.0,4.71,11.99,3.03,23.55,0.63,6.89,2.11,89.12,1.1,10.0
34041031200,Warren,7430,105880.0,6.96,13.49,3.33,18.49,1.14,5.06,2.11,87.95,1.72,9.8
34041031301,Warren,5476,101282.0,3.55,11.35,3.25,21.06,0.87,10.59,0.88,83.13,2.28,9.1
34041031302,Warren,5373,130170.0,3.65,5.56,3.2,26.19,3.12,6.07,7.5,84.38,0.8,10.0
34041031401,Warren,4579,85446.0,7.88,22.03,6.31,17.89,3.82,23.04,2.1,65.36,8.06,13.2
34041031402,Warren,5564,102460.0,7.8,23.55,16.48,14.94,8.08,27.88,4.98,62.56,1.98,16.3
34041031500,Warren,7804,94432.0,6.4,12.1,3.45,15.22,3.16,19.82,4.15,69.57,2.64,9.4
34041031601,Warren,4646,69519.0,9.48,20.68,2.95,39.78,0.5,7.08,1.96,88.61,1.44,16.6
34041031602,Warren,2906,106682.0,4.49,9.45,10.46,15.55,0.0,8.88,1.72,86.37,0.62,8.7
34041031700,Warren,2526,100334.0,9.14,18.05,2.53,13.06,0.0,7.92,0.08,89.47,0.59,9.4
34041031800,Warren,2515,93478.0,3.19,15.61,2.39,23.42,0.0,1.83,0.32,94.63,3.18,9.9
34041031900,Warren,6597,131250.0,5.25,10.95,4.74,20.8,1.6,7.32,6.49,77.22,6.64,9.9
34041032000,Warren,7287,79280.0,11.51,28.39,3.79,13.83,1.87,15.47,4.49,72.46,1.78,13.1
34041032101,Warren,2984,126250.0,7.21,13.4,3.18,16.92,2.24,8.28,1.04,81.53,5.03,9.9
34041032102,Warren,5481,172417.0,2.35,5.89,2.61,10.11,0.85,8.17,7.02,71.37,8.94,5.0
34041032200,Warren,9131,88388.0,10.41,17.13,1.73,23.61,4.49,12.05,11.23,68.88,5.8,13.5
34041032300,Warren,3258,112981.0,7.52,14.98,8.41,20.17,0.0,9.88,2.18,85.6,0.34,11.3
34041032400,Warren,2249,83125.0,6.97,16.94,3.53,20.32,0.51,8.58,1.42,82.39,1.51,10.8
34019010100,Hunterdon,5883,188500.0,2.01,7.06,1.26,28.61,0.0,6.41,6.8,81.9,2.77,9.0
34019010201,Hunterdon,2972,130566.0,8.36,9.58,0.85,20.42,0.0,8.41,0.91,86.91,0.0,8.9
34019010202,Hunterdon,4306,136192.0,6.07,8.95,1.58,17.23,0.11,5.62,2.37,89.5,1.49,7.7
34019010300,Hunterdon,2829,89241.0,7.5,17.38,6.01,15.84,2.04,15.27,1.2,77.52,2.47,11.0
34019010400,Hunterdon,4558,136336.0,5.0,14.24,2.41,14.94,0.0,8.03,0.77,86.92,1.25,8.1
34019010500,Hunterdon,5184,127644.0,3.45,7.33,1.29,19.25,0.58,1.02,0.95,94.79,0.0,7.3
34019010600,Hunterdon,6121,139872.0,5.95,9.68,1.05,25.18,0.17,3.02,4.71,88.53,1.37,9.6
34019010701,Hunterdon,6402,124922.0,5.64,12.29,1.06,18.34,1.8,5.06,4.05,81.32,7.19,9.0
34019010702,Hunterdon,3270,155766.0,1.38,7.43,3.17,19.36,1.13,6.06,0.0,88.26,0.31,7.5
34019010801,Hunterdon,2784,142563.0,2.3,12.64,4.11,13.04,2.48,10.02,0.68,76.08,8.55,7.9
34019010802,Hunterdon,1664,108672.0,5.05,20.32,4.39,22.36,1.15,5.11,0.48,90.81,2.04,11.9
34019010900,Hunterdon,3584,116424.0,3.79,11.13,6.14,11.86,0.0,12.64,2.06,73.16,10.07,7.2
34019011001,Hunterdon,6845,181019.0,1.55,7.03,2.77,13.19,0.52,8.34,8.44,71.91,6.98,5.7
34019011003,Hunterdon,4838,144464.0,3.53,7.38,2.03,22.86,1.24,9.05,2.25,77.26,5.81,8.6
34019011004,Hunterdon,1664,140578.0,3.25,11.06,4.12,24.88,3.34,1.08,0.06,93.09,1.02,11.0
34019011100,Hunterdon,5764,109006.0,3.96,19.97,2.32,33.07,0.41,7.46,0.12,80.33,7.88,13.4
34019011202,Hunterdon,3517,132708.0,3.7,15.47,8.16,19.56,0.0,12.88,3.04,75.49,1.73,10.3
34019011203,Hunterdon,4500,193250.0,1.49,1.87,0.18,21.89,0.0,12.0,1.62,83.98,1.78,6.0
34019011204,Hunterdon,2432,210571.0,0.86,3.12,1.23,20.35,1.22,14.47,0.08,78.08,4.65,6.4
34019011301,Hunterdon,7658,193125.0,2.54,6.24,0.99,20.5,0.95,10.33,1.92,76.26,7.04,7.3
34019011303,Hunterdon,4985,109548.0,4.41,9.79,4.21,18.34,0.87,13.36,1.85,74.12,9.07,8.5
34019011304,Hunterdon,3260,184922.0,0.86,6.18,1.23,15.34,0.0,6.38,1.26,78.07,11.81,5.4
34019011305,Hunterdon,3404,144554.0,3.08,5.43,1.15,14.13,1.63,11.13,3.73,70.21,13.9,6.0
34019011306,Hunterdon,4650,176813.0,3.34,8.06,4.11,11.55,0.0,4.56,2.56,80.19,6.65,6.0
34019011400,Hunterdon,4887,74213.0,11.93,23.99,11.74,12.44,19.05,32.04,5.44,54.82,5.28,19.8
34019011500,Hunterdon,5430,137672.0,4.1,15.75,2.6,22.25,0.09,6.1,0.24,84.48,3.2,10.0
34019011600,Hunterdon,4984,157056.0,2.77,5.2,2.71,27.63,0.73,5.92,0.0,91.03,0.44,9.1
34019011700,Hunterdon,3922,139191.0,1.58,6.33,3.88,21.88,0.0,10.91,0.08,86.79,0.61,7.6
34019011800,Hunterdon,3010,144293.0,2.62,8.8,4.82,20.43,0.0,2.26,2.76,90.9,1.16,8.2
34019011900,Hunterdon,4141,106236.0,2.63,13.55,1.06,29.97,2.75,11.13,0.48,86.45,1.3,11.7
34035050100,Somerset,2894,87043.0,7.21,23.71,5.27,24.29,14.6,22.94,6.91,59.12,6.29,18.6
34035050200,Somerset,3047,91897.0,3.09,11.56,7.42,5.02,0.0,13.72,24.81,35.87,18.81,5.7
34035050300,Somerset,3410,129479.0,2.61,7.34,1.88,13.7,0.8,13.17,1.09,69.12,15.28,6.0
34035050400,Somerset,3607,101283.0,11.37,24.67,15.58,11.73,6.03,38.48,10.2,44.41,4.05,15.7
34035050500,Somerset,3755,92435.0,11.83,18.38,15.55,12.41,4.1,35.29,2.24,39.44,20.72,14.0
34035050600,Somerset,4437,117500.0,2.9,7.65,5.97,15.33,3.16,10.66,4.98,57.31,18.01,8.2
34035050701,Somerset,4517,144688.0,1.54,3.3,0.51,17.38,4.45,14.04,0.07,67.77,14.63,6.9
34035050703,Somerset,4428,177500.0,6.01,12.82,1.52,16.94,13.74,6.96,0.52,38.6,50.84,13.3
34035050704,Somerset,6836,176775.0,7.53,11.57,1.05,10.52,4.38,4.55,3.54,43.99,44.68,8.4
34035050801,Somerset,4109,188393.0,0.63,8.18,1.98,20.27,0.99,7.28,4.11,68.29,10.15,7.4
34035050802,Somerset,5007,171384.0,3.47,7.28,0.84,18.57,4.4,5.11,6.69,60.64,26.5,8.5
34035050901,Somerset,5175,182167.0,5.12,6.51,0.83,17.97,3.11,11.27,1.26,70.84,13.31,8.1
34035050902,Somerset,3518,209750.0,0.71,7.44,0.94,22.71,1.79,7.5,6.14,64.13,14.07,7.9
34035050903,Somerset,5254,244911.0,1.09,5.18,0.32,16.39,0.39,4.42,0.86,70.52,16.79,5.4
34035051000,Somerset,7099,113738.0,6.27,16.11,3.76,21.75,14.26,27.95,4.55,48.32,16.31,15.8
34035051100,Somerset,4521,71059.0,14.02,33.11,22.78,7.79,19.89,64.96,3.54,22.45,2.79,23.5
34035051200,Somerset,5054,76838.0,9.36,33.22,17.93,12.31,12.56,61.0,8.59,25.76,3.4,19.9
34035051300,Somerset,2448,113393.0,6.66,21.78,8.29,22.59,7.14,28.76,7.31,56.99,5.31,15.6
34035051400,Somerset,4284,103565.0,9.29,18.88,3.73,16.64,3.19,22.46,1.21,69.19,4.58,11.8
34035051500,Somerset,3467,83889.0,15.17,31.76,5.0,14.85,10.94,24.72,22.64,44.04,0.0,18.4
34035051600,Somerset,3119,81588.0,13.18,16.9,9.81,24.59,3.04,30.71,2.31,62.49,3.4,15.4
34035051700,Somerset,5422,61721.0,20.36,47.71,26.6,6.66,17.65,78.14,4.09,9.96,1.97,27.6
34035051800,Somerset,4921,103997.0,11.73,30.6,26.25,7.42,16.13,57.02,17.52,15.12,3.66,21.8
34035051900,Somerset,4225,138923.0,8.28,13.66,5.92,11.81,1.31,21.96,40.8,30.75,4.19,9.1
34035052001,Somerset,3848,100825.0,8.75,12.79,12.76,12.42,12.57,46.6,25.08,24.97,1.53,14.7
34035052002,Somerset,4251,55121.0,19.13,33.84,20.3,13.88,21.29,56.69,17.64,16.73,8.19,26.4
34035052100,Somerset,6982,218864.0,5.7,13.94,6.82,15.88,4.84,17.43,0.0,55.43,25.45,11.0
34035052201,Somerset,5592,183458.0,2.27,8.46,1.18,17.78,2.64,7.14,7.8,62.11,16.29,7.7
34035052203,Somerset,4938,237308.0,2.51,3.56,0.31,20.76,2.7,8.12,0.69,65.84,20.35,7.3
34035052204,Somerset,5432,202241.0,3.07,3.63,1.18,14.89,2.03,5.78,1.01,75.02,15.04,6.0
34035052300,Somerset,6429,166536.0,2.1,5.72,1.07,28.03,1.98,8.88,1.34,73.22,11.46,9.3
34035052400,Somerset,5790,206167.0,4.89,10.62,1.33,17.72,3.91,5.44,0.36,80.98,7.56,9.2
34035052603,Somerset,4564,119267.0,4.96,14.71,1.03,20.84,5.71,0.0,0.31,74.5,20.82,11.4
34035052604,Somerset,4006,194519.0,1.78,3.66,2.42,26.51,4.9,8.64,0.85,72.32,15.8,9.8
34035052605,Somerset,5211,250001.0,1.61,2.3,0.96,11.94,4.46,6.51,1.27,33.95,54.12,5.5
34035052701,Somerset,4537,231099.0,0.35,2.23,8.33,20.67,7.58,17.68,0.86,75.51,3.57,9.9
34035052702,Somerset,3334,230850.0,1.95,10.14,3.81,15.63,0.0,1.11,0.18,91.3,1.65,7.0
34035052800,Somerset,2547,184231.0,2.36,6.02,12.45,20.97,0.91,7.46,3.57,83.71,3.18,9.6
34035052901,Somerset,1004,152188.0,5.31,19.84,5.38,24.9,2.4,13.25,1.49,77.49,4.88,13.1
34035052904,Somerset,2477,104932.0,4.4,19.53,8.28,24.06,0.0,21.8,4.24,66.13,3.67,12.3
34035052905,Somerset,3104,122346.0,0.23,7.22,1.71,25.68,2.35,6.44,0.0,79.7,13.85,8.8
34035052906,Somerset,2646,96515.0,10.7,18.19,3.51,30.84,4.86,7.52,2.38,67.61,7.82,16.0
34035053000,Somerset,4833,102019.0,16.43,28.66,12.52,11.84,5.25,38.07,13.68,41.63,3.0,16.8
34035053102,Somerset,3507,76667.0,7.81,27.29,2.97,16.03,3.94,9.58,29.28,31.37,25.06,13.1
34035053103,Somerset,5881,146714.0,1.31,8.0,3.6,16.31,1.91,16.75,35.27,29.26,12.31,7.2
34035053105,Somerset,8246,126827.0,10.35,17.01,3.16,15.07,5.01,8.16,33.4,30.12,25.09,11.9
34035053200,Somerset,7684,111354.0,4.14,10.39,17.36,11.73,16.33,51.91,32.3,9.21,2.19,15.3
34035053300,Somerset,6353,83021.0,15.84,31.75,21.45,9.68,11.33,41.59,30.9,8.56,12.42,20.8
34035053402,Somerset,6682,144453.0,0.98,8.34,3.44,18.29,0.42,4.88,10.67,36.13,45.27,7.1
34035053403,Somerset,5222,104290.0,10.9,24.51,5.99,11.15,8.85,17.94,18.33,19.23,40.2,14.5
34035053405,Somerset,4476,170799.0,0.65,12.38,11.62,13.11,8.17,9.34,30.14,38.92,20.26,11.1
34035053406,Somerset,6030,118822.0,7.51,11.72,3.08,10.85,5.73,6.83,40.28,18.59,28.89,9.4
34035053501,Somerset,5642,127045.0,5.2,7.65,3.75,33.78,2.95,8.84,16.25,41.37,27.81,12.6
34035053602,Somerset,6424,213328.0,0.93,3.39,2.85,14.52,0.78,8.3,10.35,67.34,10.83,5.2
34035053603,Somerset,4806,149777.0,4.96,8.11,2.0,12.21,2.74,7.64,2.87,78.67,8.41,7.1
34035053604,Somerset,3718,149063.0,5.19,9.92,1.59,18.61,0.93,6.35,8.71,63.8,18.96,8.3
34035053703,Somerset,4246,183807.0,0.94,3.43,1.3,14.15,1.75,14.18,0.78,56.99,26.99,5.2
34035053704,Somerset,3121,198194.0,0.61,1.79,3.88,16.76,0.38,7.21,5.16,72.44,10.86,5.4
34035053705,Somerset,6547,126345.0,1.91,8.52,4.84,12.1,5.1,17.84,3.6,60.81,11.61,7.9
34035053706,Somerset,4632,193049.0,3.78,8.77,2.16,9.95,0.0,7.25,3.3,60.62,25.91,5.4
34035053707,Somerset,4180,220863.0,1.1,2.72,1.78,15.17,2.43,6.12,4.02,67.97,21.05,5.7
34035053801,Somerset,606,139209.0,4.46,5.62,15.18,12.21,3.02,27.89,3.3,60.73,1.32,9.2
34035053804,Somerset,4694,99901.0,4.79,14.68,5.77,15.27,6.85,15.02,1.26,59.29,18.53,11.4
34035053805,Somerset,6405,116787.0,6.09,16.8,3.98,20.69,3.98,6.78,6.74,66.48,17.69,12.0
34035053806,Somerset,2439,179000.0,1.89,3.12,2.34,24.52,3.12,16.2,0.0,59.78,20.38,8.5
34035053807,Somerset,7213,250001.0,2.02,2.79,0.53,11.77,3.65,6.29,2.15,51.62,34.35,5.3
34035053901,Somerset,814,127344.0,4.3,11.06,1.6,17.57,0.63,8.48,0.86,80.71,4.05,8.0
34035053904,Somerset,3503,250001.0,1.49,1.49,0.88,9.56,3.69,4.08,3.74,53.55,33.4,4.5
34035053905,Somerset,6868,219096.0,3.09,3.61,0.23,11.36,6.69,6.22,2.87,35.09,52.93,6.6
34035054100,Somerset,8269,169524.0,2.87,6.61,2.38,15.54,1.95,7.72,3.58,62.7,22.18,6.9
34035054201,Somerset,7096,212992.0,6.1,8.49,1.14,17.91,6.53,5.21,7.0,47.42,39.16,10.0
34035054202,Somerset,6176,242895.0,0.65,1.69,1.53,12.79,3.7,4.32,1.46,54.37,33.82,5.2
34035054301,Somerset,3091,127250.0,1.78,3.98,3.24,64.09,3.84,6.08,8.93,51.86,32.97,18.6
34035054302,Somerset,5553,115417.0,4.02,7.38,2.53,26.13,4.44,12.86,7.08,51.29,27.53,10.8
34013000100,Essex,6075,51554.0,14.07,31.71,10.73,15.93,15.94,69.32,16.0,9.79,1.42,21.4
34013000200,Essex,3741,59839.0,25.26,54.64,23.47,10.32,21.99,72.17,14.76,10.24,0.0,32.0
34013000300,Essex,4316,31693.0,32.04,61.42,13.79,13.62,28.69,62.56,21.78,12.47,0.49,36.2
34013000400,Essex,2611,60357.0,17.32,44.22,19.95,11.26,25.81,77.29,7.35,13.79,1.57,29.0
34013000500,Essex,2146,51622.0,25.3,43.43,17.85,14.03,27.12,70.78,7.27,9.65,8.85,31.4
34013000600,Essex,4146,51164.0,17.9,36.01,16.45,18.81,28.0,64.83,9.0,13.92,0.48,29.4
34013000700,Essex,6530,52794.0,19.53,48.85,10.86,11.27,20.21,50.12,39.95,2.71,0.02,26.5
34013000800,Essex,5089,57578.0,16.15,45.29,27.79,12.01,27.71,84.0,5.23,3.71,2.28,31.3
34013000900,Essex,3210,37896.0,18.6,45.83,14.8,19.94,10.72,59.0,26.36,8.04,2.24,25.1
34013001000,Essex,4042,41063.0,33.58,50.24,17.66,11.78,10.56,45.77,48.52,4.53,0.49,28.1
34013001100,Essex,3377,103086.0,14.93,41.4,3.2,1.72,0.0,18.45,30.97,25.11,20.23,12.8
34013001300,Essex,2453,51324.0,39.9,52.17,19.49,11.62,8.07,26.58,62.17,3.67,1.71,29.4
34013001400,Essex,3492,69628.0,11.43,40.92,9.51,9.77,13.72,7.9,88.29,0.26,0.0,20.1
34013001500,Essex,2059,36797.0,41.13,81.52,5.25,8.16,2.55,1.51,95.73,0.97,0.0,29.8
34013001600,Essex,2042,61500.0,24.09,50.59,12.83,12.63,15.9,41.92,45.89,1.47,0.0,27.1
34013001700,Essex,2550,42299.0,30.0,44.04,30.75,15.76,9.99,32.94,67.06,0.0,0.0,29.4
34013001800,Essex,2390,63103.0,9.89,22.06,9.08,12.18,8.54,13.97,82.01,0.71,0.0,14.6
34013001900,Essex,2259,41917.0,35.9,50.64,6.82,9.12,11.19,15.71,79.86,3.72,0.71,26.1
34013002000,Essex,4138,26250.0,26.68,55.56,5.44,16.19,17.38,2.22,94.01,0.14,0.0,28.6
34013002100,Essex,2791,48229.0,21.56,50.36,18.13,15.48,5.53,0.0,92.98,0.0,3.3,24.4
34013002202,Essex,3369,70625.0,13.36,45.2,5.55,20.27,0.76,10.21,79.49,1.31,0.0,18.4
34013002203,Essex,6237,34031.0,28.96,64.76,15.81,8.13,41.7,41.48,25.24,5.64,23.73,40.0
34013002204,Essex,2379,101250.0,14.8,29.89,8.66,15.3,7.79,14.67,71.33,2.31,0.0,17.7
34013002300,Essex,5619,84038.0,5.89,26.25,7.88,10.16,5.64,11.46,87.7,0.0,0.0,12.7
34013002400,Essex,3844,46199.0,18.72,55.55,4.83,8.64,6.65,13.71,82.7,0.57,0.0,20.9
34013002500,Essex,5569,78147.0,25.41,41.84,18.14,14.46,9.28,10.77,86.82,0.65,0.0,24.8
34013002600,Essex,1813,49848.0,16.66,42.14,6.89,11.91,3.22,19.47,78.76,0.88,0.0,17.7
34013002800,Essex,2413,59583.0,30.46,59.96,14.96,1.37,1.24,0.62,92.83,0.0,2.28,22.9
34013003100,Essex,1941,42861.0,33.26,61.47,10.21,6.49,7.02,21.12,78.05,0.15,0.0,26.2
34013003500,Essex,3548,33239.0,60.51,73.65,13.73,5.07,0.0,1.89,96.17,0.0,0.0,32.8
34013003700,Essex,2657,37226.0,46.52,70.22,9.56,8.05,0.0,16.56,81.82,1.62,0.0,28.7
34013003800,Essex,1861,35959.0,38.9,64.75,13.0,10.69,10.58,25.26,70.34,1.07,1.34,31.0
34013003900,Essex,1366,25704.0,51.32,71.38,5.27,18.59,2.97,2.49,97.14,0.0,0.37,32.8
34013004100,Essex,3978,41525.0,34.41,55.33,12.39,6.39,1.9,18.05,77.8,0.4,2.44,23.8
34013004200,Essex,2702,45340.0,16.04,53.93,11.18,9.96,1.58,12.69,79.87,1.18,0.11,19.7
34013004300,Essex,2570,56710.0,21.76,43.09,9.69,9.77,0.0,1.75,94.2,2.96,0.0,18.0
34013004400,Essex,1676,56108.0,25.36,41.11,10.8,5.31,0.0,22.55,76.43,1.01,0.0,17.6
34013004500,Essex,3312,59647.0,15.65,30.74,13.41,16.82,0.0,2.96,93.24,2.48,0.0,16.5
34013004600,Essex,3970,45960.0,28.31,60.81,16.25,5.57,2.86,13.83,79.77,3.02,0.0,24.4
34013004700,Essex,4674,61761.0,9.18,27.66,17.03,16.28,3.08,4.58,93.0,0.19,0.04,16.1
34013004801,Essex,2627,49526.0,19.45,38.64,11.04,10.2,4.26,12.03,86.64,0.0,0.0,18.5
34013004802,Essex,3702,12500.0,45.84,66.17,5.48,17.21,3.35,18.1,71.34,3.38,0.59,30.4
34013004900,Essex,3932,38100.0,40.44,68.79,17.47,11.16,11.05,8.77,77.52,3.28,0.0,33.4
34013005000,Essex,3199,52482.0,20.01,33.32,13.54,7.91,2.03,12.69,77.68,0.13,1.53,16.7
34013005100,Essex,2816,51977.0,16.05,40.77,14.1,10.44,6.46,17.54,75.39,0.0,2.24,19.6
34013005200,Essex,2040,41667.0,33.38,57.01,18.87,12.25,3.89,11.57,84.71,0.0,3.38,27.3
34013005300,Essex,3348,41359.0,24.13,51.85,10.07,11.68,1.96,10.84,86.14,0.78,0.0,21.5
34013005400,Essex,4208,18326.0,57.99,82.93,6.49,7.6,2.32,26.45,59.53,0.52,2.76,34.1
34013005700,Essex,2783,35955.0,38.32,49.54,26.81,9.63,9.7,59.97,16.06,7.98,3.95,30.0
34013006200,Essex,1917,21756.0,52.84,67.97,8.35,7.82,9.02,30.46,66.72,1.98,0.83,32.7
34013006400,Essex,1376,55341.0,27.49,33.31,12.79,11.99,2.52,7.27,65.62,4.43,20.42,19.4
34013006600,Essex,1923,71278.0,27.66,34.7,15.43,8.27,10.82,16.9,77.38,0.57,0.0,22.4
34013006700,Essex,3659,,26.55,47.61,10.56,20.93,10.18,42.96,50.89,3.47,0.0,26.5
34013006800,Essex,6411,69124.0,16.85,33.49,39.39,5.91,43.05,44.49,10.15,27.92,1.31,35.6
34013006900,Essex,5295,63217.0,25.93,40.98,44.53,6.35,49.72,44.4,1.91,33.98,0.0,42.8
34013007000,Essex,4742,43603.0,21.43,69.59,55.93,4.81,54.97,59.0,0.02,18.14,0.02,51.3
34013007100,Essex,4040,54603.0,15.52,42.31,37.23,10.07,41.89,44.98,1.41,28.81,0.3,37.2
34013007200,Essex,4018,62349.0,9.98,46.57,43.31,7.29,37.8,63.89,2.89,27.03,0.0,35.8
34013007300,Essex,4995,51038.0,15.06,46.79,33.77,11.19,49.87,31.41,0.42,48.07,1.64,40.4
34013007400,Essex,6440,66336.0,13.35,37.31,34.73,3.65,47.59,25.53,36.29,23.77,1.43,35.7
34013007501,Essex,4763,40579.0,23.37,63.55,41.05,7.66,41.71,55.7,8.8,24.61,0.78,43.4
34013007502,Essex,3258,57521.0,28.85,54.36,41.99,5.34,37.92,58.99,8.84,16.21,0.0,41.1
34013007600,Essex,3976,54577.0,17.05,53.57,49.27,7.12,52.82,47.28,0.48,28.92,0.33,45.5
34013007700,Essex,2886,70400.0,14.35,44.77,44.39,8.73,49.61,57.55,1.21,29.04,1.35,41.3
34013007800,Essex,3835,49503.0,20.68,43.89,56.61,11.32,49.89,55.49,0.6,22.4,0.29,45.8
34013007900,Essex,4622,59781.0,16.85,47.4,43.83,6.04,47.57,69.08,4.59,17.83,1.25,40.9
34013008000,Essex,2736,75114.0,15.42,30.37,8.48,6.36,7.59,30.41,22.73,31.47,5.7,15.7
34013008100,Essex,3815,27240.0,32.31,58.01,10.18,27.05,10.13,10.12,76.7,5.58,4.06,31.3
34013008200,Essex,2416,30288.0,42.28,54.68,6.53,10.26,3.06,21.56,61.38,8.98,5.46,25.7
34013008700,Essex,4094,54233.0,13.64,42.04,15.51,7.13,21.26,77.53,9.09,11.72,0.0,24.1
34013008800,Essex,2073,71234.0,8.15,33.19,21.71,12.11,19.84,69.61,26.48,2.6,0.0,23.0
34013008900,Essex,1898,57819.0,31.77,43.78,37.72,8.27,10.93,78.77,7.53,13.7,0.0,29.7
34013009000,Essex,1786,45833.0,17.02,54.65,22.84,15.34,13.82,28.56,59.85,7.78,1.4,28.2
34013009100,Essex,3997,69813.0,16.49,42.23,9.16,4.93,18.42,74.83,9.06,12.31,0.63,22.0
34013009200,Essex,3326,29649.0,31.06,62.83,9.57,10.31,19.84,53.85,33.91,6.64,0.0,31.4
34013009300,Essex,5162,53727.0,33.17,50.99,21.6,12.57,17.93,67.63,24.27,2.75,1.41,31.8
34013009400,Essex,5764,32205.0,34.89,62.18,12.32,18.53,33.39,65.53,15.18,12.32,0.35,39.6
34013009500,Essex,6717,58254.0,12.32,64.79,7.41,16.76,16.73,55.93,27.44,15.29,0.0,27.4
34013009600,Essex,5245,36813.0,35.81,47.99,11.8,14.47,17.94,67.82,26.1,5.36,0.0,30.3
34013009700,Essex,5619,53175.0,15.5,47.39,27.25,6.39,19.21,81.21,13.95,1.39,1.39,27.1
34013009900,Essex,2330,63302.0,6.05,30.09,7.55,39.61,4.45,2.1,83.13,0.6,4.08,20.0
34013010000,Essex,3680,118750.0,8.19,14.07,9.32,8.91,5.11,18.37,67.17,3.21,3.42,10.6
34013010100,Essex,2600,79115.0,8.58,25.58,2.09,12.96,0.0,11.5,78.46,1.88,0.0,10.6
34013010200,Essex,4544,38424.0,10.94,32.18,4.46,30.35,6.6,18.64,62.04,1.67,7.35,19.5
34013010300,Essex,4168,67386.0,14.76,31.46,7.89,13.29,5.09,8.66,74.3,5.18,1.2,16.3
34013010400,Essex,4610,47190.0,29.85,44.97,11.35,11.21,9.57,4.62,93.84,1.02,0.0,24.4
34013010500,Essex,5742,58067.0,9.54,40.15,18.67,13.44,5.93,13.15,84.52,1.71,0.0,19.4
34013010600,Essex,5192,56875.0,27.64,48.75,13.58,11.98,12.61,18.41,66.22,3.54,4.24,26.4
34013010700,Essex,4357,59461.0,19.0,34.1,15.36,8.49,0.0,4.8,70.09,1.84,1.45,16.4
34013010800,Essex,3054,54968.0,28.95,40.42,8.86,9.07,0.92,20.99,77.96,0.07,0.0,19.1
34013010900,Essex,1915,41007.0,24.06,46.83,8.83,24.6,0.0,11.28,78.69,0.68,3.03,22.6
34013011100,Essex,3965,25886.0,40.78,65.67,11.93,22.55,10.39,12.81,82.22,2.07,1.24,34.2
34013011200,Essex,2865,60059.0,19.27,37.42,7.96,16.82,3.81,5.72,84.64,3.94,0.0,19.0
34013011300,Essex,3993,58867.0,11.76,43.11,15.76,8.34,1.12,1.5,94.92,1.78,1.8,16.9
34013011400,Essex,4054,64941.0,9.66,18.92,1.72,22.0,5.22,0.54,76.57,2.24,13.81,13.5
34013011500,Essex,2884,76589.0,11.82,26.42,12.41,8.95,0.0,2.46,90.98,0.9,0.55,12.7
34013011600,Essex,3612,65373.0,10.37,37.14,14.42,7.14,0.0,7.97,80.2,0.0,0.0,14.4
34013011700,Essex,2973,58616.0,24.53,32.36,8.25,9.72,0.85,5.62,89.2,0.71,0.0,16.5
34013011800,Essex,2645,74226.0,14.44,32.55,13.38,13.01,0.0,11.98,75.43,1.06,0.0,15.7
34013011900,Essex,1856,52112.0,23.17,35.45,26.71,14.22,5.78,20.96,71.23,0.86,5.33,23.3
34013012000,Essex,7363,70590.0,11.46,43.83,15.11,11.2,3.87,13.21,81.16,2.53,0.0,18.5
34013012100,Essex,4148,77237.0,19.55,36.91,22.47,11.76,13.88,23.14,67.36,1.81,2.43,24.3
34013012200,Essex,6788,61118.0,10.05,37.83,31.29,13.17,18.15,25.37,69.05,4.73,0.0,25.9
34013012300,Essex,4790,70903.0,16.41,32.9,7.85,10.17,7.53,16.39,79.54,0.0,0.0,17.2
34013012400,Essex,4223,31211.0,33.64,55.09,5.73,20.03,24.07,10.47,80.68,1.63,1.52,33.6
34013012500,Essex,3570,62338.0,7.07,24.16,6.39,19.58,6.46,3.92,88.63,2.77,1.2,14.8
34013012600,Essex,3381,57910.0,20.56,46.47,12.75,14.29,2.59,13.58,81.72,0.5,0.0,21.0
34013012700,Essex,3793,66819.0,26.6,36.49,4.64,10.89,7.01,18.38,70.26,6.62,0.0,19.6
34013012800,Essex,4156,70203.0,22.93,31.71,4.09,8.76,3.47,4.81,89.36,0.67,0.0,15.9
34013012900,Essex,3983,52378.0,20.69,57.34,21.72,8.91,16.67,5.72,89.63,0.15,0.0,28.8
34013013000,Essex,2459,49006.0,14.76,29.73,11.71,12.08,6.77,4.35,89.59,3.62,0.41,17.1
34013013100,Essex,2509,54250.0,14.31,38.81,16.46,12.08,6.33,20.49,67.16,1.28,0.04,19.6
34013013200,Essex,3016,54508.0,26.59,43.9,8.95,12.14,9.59,5.6,83.42,2.45,3.18,23.2
34013013300,Essex,4299,49085.0,16.66,46.38,21.21,9.14,0.71,5.72,65.78,2.91,0.0,19.8
34013013400,Essex,3942,147321.0,2.28,5.91,1.29,20.22,1.18,13.55,0.0,74.81,5.96,7.2
34013013500,Essex,4594,130694.0,3.85,6.38,2.74,16.89,0.86,22.49,1.09,59.95,5.79,7.1
34013013600,Essex,6968,111382.0,5.75,14.47,4.03,7.66,9.88,28.93,2.34,43.83,22.93,10.5
34013013700,Essex,4870,96141.0,9.36,22.05,11.17,18.3,0.96,29.1,6.82,52.18,10.72,13.6
34013013800,Essex,4280,157750.0,0.33,8.08,2.64,25.96,2.65,17.08,1.73,68.81,8.76,9.4
34013013900,Essex,5113,112454.0,11.21,14.22,3.95,16.43,0.28,30.88,1.27,59.51,7.26,10.3
34013014000,Essex,3916,100363.0,1.07,6.28,7.79,19.54,1.24,29.09,2.48,51.23,15.35,8.2
34013014100,Essex,3766,97633.0,10.86,26.58,1.54,19.78,11.49,48.49,0.64,34.28,13.25,17.1
34013014200,Essex,4384,128839.0,7.48,13.3,5.63,11.09,4.11,48.81,2.19,33.17,10.31,9.7
34013014300,Essex,6166,95652.0,10.12,24.54,14.22,12.55,14.77,61.37,7.43,17.61,8.29,18.5
34013014400,Essex,3982,66181.0,11.65,29.91,17.5,9.54,8.92,62.15,3.26,22.98,8.61,17.7
34013014500,Essex,3968,85288.0,16.31,22.68,16.96,14.99,5.87,67.44,3.86,23.51,4.86,17.5
34013014600,Essex,5101,91667.0,15.53,25.54,18.56,13.29,5.54,56.03,11.23,23.51,4.51,17.6
34013014700,Essex,6473,78340.0,9.72,15.69,5.56,16.58,10.31,48.39,7.04,37.15,4.37,14.2
34013014800,Essex,3478,155326.0,2.79,4.66,1.21,20.3,0.0,15.47,15.76,52.07,14.69,6.7
34013014900,Essex,4913,172240.0,2.32,5.68,1.32,17.67,1.93,21.01,2.34,54.04,9.75,6.9
34013015000,Essex,3657,99875.0,5.47,13.34,2.9,15.04,5.57,28.03,4.59,52.64,9.68,10.1
34013015100,Essex,4905,117014.0,5.66,12.57,3.61,18.47,3.62,26.14,12.33,44.97,12.38,10.3
34013015200,Essex,4463,93095.0,8.8,29.16,9.19,22.52,3.13,29.37,9.7,44.88,11.2,16.2
34013015300,Essex,3178,88255.0,10.32,24.48,2.83,12.71,4.11,24.04,17.28,39.4,12.27,12.4
34013015400,Essex,6161,85023.0,14.64,23.33,9.59,7.82,4.83,24.53,17.2,46.97,8.03,13.6
34013015500,Essex,4491,93285.0,6.88,10.82,0.85,16.1,3.99,43.31,14.81,30.46,6.77,9.2
34013015600,Essex,4631,100938.0,6.37,12.31,0.69,16.04,2.03,17.27,31.27,47.2,1.75,8.7
34013015700,Essex,2835,94890.0,8.35,15.99,10.63,11.92,6.55,36.19,30.79,13.83,12.28,12.5
34013015800,Essex,4304,93409.0,11.22,30.52,9.85,12.41,6.35,35.08,21.7,26.88,6.2,16.0
34013015900,Essex,5958,72051.0,17.67,37.43,15.94,8.22,17.28,36.79,25.44,17.41,11.55,23.1
34013016000,Essex,7827,248016.0,1.02,3.35,1.42,13.42,0.84,13.35,3.28,71.97,5.83,4.7
34013016100,Essex,3729,250001.0,2.46,7.39,1.29,15.37,3.92,3.33,5.01,76.43,5.44,7.4
34013016200,Essex,3872,250001.0,1.03,1.63,0.34,8.99,0.73,11.0,3.18,76.6,2.35,3.1
34013016300,Essex,3606,238727.0,2.14,9.21,1.0,14.73,0.63,4.77,5.74,68.36,6.85,6.3
34013016400,Essex,3884,220556.0,2.24,5.42,1.9,12.98,0.0,8.34,5.07,77.27,3.73,5.1
34013016500,Essex,3999,238036.0,7.39,10.96,1.81,12.08,0.37,10.95,7.18,63.34,7.48,7.3
34013016600,Essex,2747,127500.0,6.63,15.33,4.22,11.5,0.75,7.46,37.35,41.14,3.6,8.5
34013016700,Essex,2666,101960.0,14.44,18.15,1.76,12.15,7.85,15.53,28.84,45.24,6.68,13.1
34013016800,Essex,4271,132318.0,5.74,11.53,4.38,18.64,1.74,11.82,11.61,56.24,9.37,9.6
34013016900,Essex,3017,218125.0,3.18,17.0,1.89,13.99,2.55,12.33,11.8,65.1,2.59,8.8
34013017000,Essex,2680,78939.0,3.01,18.36,1.44,19.33,1.26,17.99,27.01,44.29,6.01,9.7
34013017100,Essex,2039,57500.0,28.3,49.14,9.56,7.6,1.62,28.2,46.15,15.79,2.94,20.8
34013017200,Essex,3363,130500.0,11.06,22.15,1.34,13.77,4.32,9.43,57.57,18.73,3.98,12.1
34013017301,Essex,5302,140208.0,1.38,9.14,2.18,24.92,2.28,10.69,12.64,68.03,2.4,9.4
34013017302,Essex,7485,143365.0,14.35,17.39,1.51,25.1,1.94,17.05,24.5,43.67,9.42,13.8
34013017400,Essex,5186,153095.0,4.55,16.29,2.81,21.96,2.06,12.67,19.24,48.26,11.45,10.9
34013017500,Essex,5996,112957.0,3.96,11.52,6.57,25.27,2.98,16.59,37.94,37.81,5.8,11.7
34013017600,Essex,5523,87096.0,11.33,23.54,8.42,8.58,10.44,35.0,34.08,27.43,1.25,14.9
34013017700,Essex,5120,71554.0,15.25,38.82,24.59,7.46,11.65,46.46,29.9,15.82,0.25,22.3
34013017800,Essex,3694,81047.0,8.83,22.13,18.33,13.4,11.74,44.26,31.0,17.6,5.09,17.6
34013017900,Essex,3680,182721.0,0.92,3.78,2.91,16.96,0.93,18.1,26.03,49.38,0.46,5.9
34013018000,Essex,6290,181005.0,1.94,3.64,1.13,18.09,0.43,5.72,21.61,60.21,7.81,5.9
34013018100,Essex,2161,52143.0,13.0,43.36,14.89,11.99,23.17,23.14,67.24,1.2,5.0,26.0
34013018200,Essex,4512,49330.0,24.64,44.6,24.6,15.98,38.88,49.82,45.46,1.82,0.0,37.6
34013018300,Essex,4577,60341.0,15.88,43.33,28.6,11.43,24.14,33.6,44.09,3.06,3.56,29.6
34013018400,Essex,2651,46114.0,7.58,34.59,11.24,11.81,2.43,10.71,69.67,13.24,3.92,14.6
34013018600,Essex,5837,48798.0,32.26,52.77,27.01,8.17,36.41,51.38,38.6,7.4,0.51,38.7
34013018700,Essex,5143,38341.0,26.27,49.39,21.95,21.21,3.57,23.6,65.14,0.49,4.53,26.8
34013018800,Essex,4875,78979.0,18.64,28.16,8.81,18.4,8.89,14.07,68.7,12.78,2.79,19.4
34013018900,Essex,4217,58989.0,16.28,49.26,25.54,7.92,7.06,15.32,75.95,2.75,0.31,23.2
34013019000,Essex,4941,250001.0,3.0,4.94,2.06,16.49,2.63,4.43,19.0,64.1,6.25,7.0
34013019100,Essex,4716,227917.0,2.71,6.48,4.3,13.55,1.83,9.03,29.75,50.17,4.37,6.7
34013019200,Essex,5049,52297.0,18.86,34.48,2.16,8.66,3.25,9.98,18.88,59.0,7.66,15.0
34013019300,Essex,3593,135114.0,5.55,9.59,1.39,13.19,1.61,10.88,16.25,59.78,5.18,7.2
34013019400,Essex,2986,250001.0,3.05,3.28,1.04,10.85,0.0,5.73,6.3,80.07,3.32,4.2
34013019500,Essex,3862,244524.0,0.65,2.95,0.6,12.61,0.0,5.64,3.57,82.29,4.53,3.9
34013019600,Essex,6344,117621.0,6.81,25.52,9.35,13.93,0.66,9.22,49.81,32.61,4.27,12.1
34013019700,Essex,6816,121156.0,3.13,10.21,4.28,8.74,0.0,13.31,54.86,27.32,1.44,5.7
34013019800,Essex,2879,169583.0,2.43,3.3,1.95,12.5,0.0,2.99,17.02,65.54,4.41,4.6
34013019900,Essex,2519,210588.0,3.06,5.56,3.19,16.16,2.63,9.49,1.03,81.22,2.9,7.3
34013020000,Essex,6327,250001.0,3.33,3.51,0.96,14.51,1.74,3.75,0.16,63.46,29.24,5.8
34013020100,Essex,5245,250001.0,1.87,3.45,0.36,14.39,0.54,5.43,3.11,48.64,38.25,4.8
34013020200,Essex,5076,250001.0,2.17,4.65,1.36,14.99,5.02,7.74,3.43,53.15,29.1,7.1
34013020300,Essex,5145,200451.0,6.78,11.14,6.69,8.34,3.1,11.25,4.92,32.36,41.36,8.3
34013020400,Essex,4892,220893.0,2.21,3.35,0.0,18.17,6.23,4.21,1.17,66.19,21.18,7.8
34013020500,Essex,8210,250001.0,0.07,4.13,0.86,17.47,1.08,3.07,6.78,54.79,33.63,5.6
34013020600,Essex,5325,219028.0,4.93,7.22,0.59,22.18,4.9,5.5,3.68,59.32,30.97,9.8
34013020700,Essex,4627,179323.0,1.79,5.51,1.58,17.27,9.11,7.15,1.08,50.85,37.8,9.3
34013020800,Essex,8074,223409.0,2.76,10.09,1.45,19.05,3.57,6.43,4.4,54.06,31.87,8.8
34013020901,Essex,2320,250001.0,0.39,4.09,0.39,16.47,0.0,13.02,1.85,78.53,4.57,4.9
34013020902,Essex,6211,160644.0,2.3,10.64,3.65,23.23,6.38,7.25,0.48,71.89,12.28,11.3
34013021000,Essex,5634,162254.0,6.16,8.13,0.0,23.18,3.49,5.64,0.87,82.69,5.29,9.9
34013021100,Essex,5171,155417.0,4.45,9.11,0.27,22.01,0.74,10.96,2.53,79.71,1.97,8.4
34013021200,Essex,3636,146382.0,4.1,9.6,0.74,18.87,0.9,5.78,0.14,86.91,3.16,7.9
34013021300,Essex,6360,147271.0,2.8,6.38,0.43,25.83,3.84,7.83,4.75,73.99,10.39,9.6
34013021400,Essex,6892,154775.0,3.87,11.22,1.46,24.22,0.74,7.89,4.22,79.96,5.62,9.5
34013021601,Essex,7712,113750.0,10.04,13.11,4.84,31.08,1.93,10.14,1.17,84.61,2.68,14.1
34013021602,Essex,6622,203140.0,1.78,3.7,2.88,21.73,4.05,6.18,2.31,78.38,10.13,8.4
34013021701,Essex,3868,102295.0,6.54,11.32,2.97,18.33,5.75,15.28,2.43,71.02,8.63,10.9
34013021702,Essex,5030,91250.0,5.28,11.1,3.86,19.56,2.89,13.08,6.46,63.6,15.63,10.0
34013021801,Essex,2825,154113.0,4.74,6.69,0.78,13.45,0.0,7.36,0.11,86.23,3.01,5.8
34013021802,Essex,3749,168750.0,1.26,5.27,1.56,23.98,6.15,14.51,4.19,71.67,6.59,9.6
34013021803,Essex,4323,148590.0,2.57,7.1,1.39,15.08,0.64,9.58,0.74,79.48,1.02,6.1
34013022700,Essex,2725,37578.0,33.14,51.82,12.4,10.64,14.49,32.84,62.28,2.9,0.99,28.4
34013022800,Essex,1743,27917.0,32.76,60.24,8.61,23.58,17.84,9.58,82.1,4.02,3.16,33.5
34013022900,Essex,4914,60304.0,30.77,42.31,7.04,2.54,1.11,23.26,52.42,12.15,8.16,18.1
34013023000,Essex,3388,,35.82,57.3,8.45,17.03,8.67,23.82,64.43,1.15,5.84,28.7
34013023100,Essex,2408,55096.0,17.03,43.06,16.15,7.02,5.07,15.41,73.05,0.0,0.0,19.3
34013023200,Essex,3410,30112.0,42.82,64.04,13.84,8.65,1.89,23.08,72.43,0.21,0.0,28.3
34013980100,Essex,2186,,85.71,100.0,0.0,15.37,,10.16,71.23,17.38,0.69,54.6
34013980200,Essex,0,,,,,,,,,,,
34023000101,Middlesex,3601,113026.0,0.39,4.03,3.33,20.02,1.46,10.72,7.89,74.56,4.8,6.9
34023000102,Middlesex,4359,131053.0,4.57,15.75,3.79,14.71,3.14,25.28,1.31,59.44,10.55,9.6
34023000200,Middlesex,6558,97125.0,14.36,27.04,13.15,18.45,24.79,35.57,7.47,39.6,16.15,24.8
34023000300,Middlesex,7711,84789.0,23.05,30.72,15.32,13.4,13.23,45.04,5.91,33.73,11.48,22.6
34023000401,Middlesex,3424,130648.0,2.07,11.83,2.83,17.26,7.26,21.44,22.34,26.49,27.45,10.2
34023000403,Middlesex,6101,136185.0,1.92,10.13,3.7,11.95,5.29,13.74,18.87,21.91,40.52,8.0
34023000404,Middlesex,6026,119085.0,11.24,15.81,3.77,15.53,6.37,25.41,8.89,31.99,30.75,12.6
34023000501,Middlesex,5021,102788.0,10.01,24.17,7.81,11.19,3.97,36.17,33.7,12.61,9.54,12.9
34023000503,Middlesex,2943,126573.0,2.99,10.5,9.14,9.34,4.36,8.19,35.47,19.23,30.78,8.4
34023000504,Middlesex,4763,93500.0,7.39,15.73,12.26,10.04,10.99,15.1,24.31,14.89,44.7,13.7
34023000603,Middlesex,2367,150592.0,2.89,9.38,3.39,18.63,2.5,4.14,23.19,30.88,37.64,8.6
34023000608,Middlesex,1733,101250.0,8.66,16.73,5.19,12.58,17.16,8.77,5.6,16.04,68.55,15.7
34023000609,Middlesex,2732,148446.0,13.43,15.41,7.5,11.79,16.86,3.84,24.19,15.3,46.19,16.7
34023000610,Middlesex,5765,134830.0,2.72,7.51,5.9,18.75,6.53,5.55,30.53,13.03,49.02,10.2
34023000701,Middlesex,3234,152891.0,3.03,6.56,6.4,15.49,4.51,13.39,7.51,27.77,46.78,8.6
34023000702,Middlesex,5979,155600.0,1.17,7.6,2.13,16.27,4.96,10.74,26.53,37.45,22.93,7.9
34023000801,Middlesex,3762,130962.0,1.93,4.34,2.07,13.61,4.82,28.47,15.05,46.23,5.05,6.7
34023000802,Middlesex,2726,129647.0,8.07,12.14,1.17,16.98,1.07,26.78,1.36,62.95,6.57,9.0
34023000901,Middlesex,2468,134615.0,7.46,8.51,7.78,16.9,4.39,21.92,7.74,60.17,6.04,10.6
34023000902,Middlesex,4444,97647.0,3.11,6.66,2.77,20.03,3.04,16.36,15.75,57.97,3.98,8.5
34023001001,Middlesex,3258,145357.0,1.1,6.35,0.95,23.39,0.46,19.18,17.59,48.07,12.37,7.5
34023001003,Middlesex,5358,126543.0,2.86,10.02,4.01,16.69,6.46,9.91,3.79,48.0,34.92,9.8
34023001004,Middlesex,2215,114573.0,2.45,12.48,6.24,19.28,11.06,13.18,14.04,26.91,41.08,13.0
34023001100,Middlesex,5401,117361.0,7.68,15.72,3.54,6.37,6.39,7.59,3.48,45.44,38.31,9.5
34023001200,Middlesex,5555,91071.0,14.11,19.62,14.24,11.86,8.26,22.11,7.18,56.24,9.79,15.9
34023001300,Middlesex,4025,114434.0,4.62,11.58,4.05,17.24,5.68,15.01,4.84,66.36,10.53,10.4
34023001409,Middlesex,3562,187292.0,1.85,3.85,0.76,20.19,2.96,3.68,2.44,22.29,67.21,7.3
34023001410,Middlesex,4134,143125.0,10.79,20.37,8.83,30.26,19.05,3.56,3.97,15.19,75.06,22.5
34023001411,Middlesex,3559,183981.0,1.29,1.29,4.58,20.48,4.05,2.78,8.88,12.14,75.44,7.8
34023001412,Middlesex,3928,191389.0,4.35,5.98,0.34,18.71,3.59,3.9,0.08,21.33,74.69,8.1
34023001413,Middlesex,5836,129559.0,3.2,20.25,5.36,15.13,4.69,1.27,19.62,14.75,59.49,11.2
34023001414,Middlesex,5777,155391.0,0.0,2.8,0.38,11.67,8.97,5.07,3.39,10.28,74.59,6.7
34023001415,Middlesex,5371,238125.0,0.88,3.77,1.12,20.05,2.76,4.47,0.82,34.56,56.38,7.0
34023001417,Middlesex,2025,223424.0,2.16,3.81,0.26,23.6,2.88,2.67,0.4,25.63,71.11,8.0
34023001418,Middlesex,5184,130427.0,6.94,16.59,10.55,9.97,20.23,6.02,0.41,7.1,80.92,16.8
34023001419,Middlesex,3216,99589.0,5.19,12.62,3.48,4.07,4.59,6.65,12.84,12.66,63.06,7.1
34023001502,Middlesex,6499,112059.0,4.72,14.06,6.89,14.54,16.83,16.73,0.82,46.31,28.33,14.9
34023001504,Middlesex,6732,134470.0,7.86,11.57,6.51,8.39,10.33,8.53,20.94,10.7,55.75,11.2
34023001505,Middlesex,2121,139076.0,0.85,9.29,2.55,13.11,6.28,1.98,6.18,4.53,86.09,8.0
34023001506,Middlesex,6931,117335.0,10.01,15.17,6.38,6.48,6.46,12.02,14.41,9.93,49.33,10.5
34023001600,Middlesex,4833,81976.0,7.2,12.91,11.07,22.06,4.04,20.44,13.49,40.08,25.33,13.2
34023001701,Middlesex,5666,133619.0,5.52,10.84,4.17,18.0,11.42,13.7,5.52,45.73,32.63,12.8
34023001702,Middlesex,3406,103077.0,5.7,19.55,3.26,18.14,10.21,11.22,4.43,43.66,34.59,13.9
34023001803,Middlesex,3790,108523.0,3.29,13.56,10.37,17.28,5.49,19.29,4.17,46.44,26.44,11.7
34023001804,Middlesex,3724,78973.0,9.85,26.66,7.87,18.02,8.38,19.12,14.5,42.02,16.22,16.6
34023001805,Middlesex,5604,137868.0,3.23,5.91,1.86,13.17,8.49,13.42,14.58,21.34,49.63,8.5
34023001806,Middlesex,3777,76313.0,7.63,22.77,6.96,6.06,9.04,19.91,14.54,15.33,46.92,12.5
34023001901,Middlesex,5041,97315.0,8.25,15.49,6.97,17.97,6.36,24.66,7.95,30.23,33.88,13.0
34023001902,Middlesex,2233,89728.0,4.58,16.43,1.84,19.61,1.27,26.29,1.07,54.55,15.14,9.9
34023001903,Middlesex,4078,88545.0,5.5,16.76,7.26,14.08,7.61,25.4,10.42,42.79,18.44,12.2
34023002000,Middlesex,4629,159315.0,6.31,7.91,1.97,12.77,4.87,4.41,6.09,50.59,25.17,8.3
34023002101,Middlesex,2264,219250.0,1.02,6.63,0.0,13.87,0.0,11.0,0.0,79.9,6.27,4.9
34023002102,Middlesex,4072,153514.0,1.91,8.31,1.35,15.64,1.3,11.2,2.97,61.44,15.42,6.6
34023002200,Middlesex,4017,138684.0,6.62,13.92,0.55,16.5,5.39,5.97,8.69,64.95,14.61,10.3
34023002301,Middlesex,4044,152969.0,6.32,12.18,6.73,12.09,3.46,9.94,12.54,63.4,10.48,9.4
34023002302,Middlesex,3971,136206.0,1.08,9.04,1.33,16.32,4.28,18.26,1.69,64.95,11.94,7.8
34023002401,Middlesex,5789,110189.0,8.17,17.72,6.79,20.71,3.56,23.1,0.88,60.03,8.71,13.1
34023002402,Middlesex,1367,145530.0,1.0,1.0,4.54,25.24,4.51,9.88,5.12,45.06,35.84,9.0
34023002500,Middlesex,7213,131165.0,1.48,8.6,7.74,18.44,12.98,12.56,11.6,15.22,57.6,12.7
34023002603,Middlesex,4918,103889.0,10.92,19.62,4.74,21.19,12.47,13.05,8.38,14.21,62.0,17.0
34023002604,Middlesex,6382,82712.0,10.0,22.89,4.69,15.53,6.87,13.54,5.92,42.4,29.82,14.1
34023002605,Middlesex,2661,110068.0,10.15,16.08,4.28,27.21,1.16,16.46,4.32,57.5,17.14,13.4
34023002701,Middlesex,4696,80030.0,5.79,17.5,7.16,18.87,5.71,20.61,7.54,28.6,40.16,12.9
34023002703,Middlesex,7117,104841.0,8.23,13.8,5.51,11.9,11.06,27.5,17.3,35.1,17.82,12.7
34023002805,Middlesex,2632,125104.0,4.1,11.13,6.46,15.65,4.54,21.85,9.12,54.45,14.59,9.9
34023002901,Middlesex,3318,151979.0,2.89,12.85,3.8,10.04,1.03,18.72,15.49,43.49,17.81,6.8
34023002902,Middlesex,3224,84201.0,8.5,32.88,8.03,14.83,9.24,41.32,2.79,34.06,19.04,17.1
34023003001,Middlesex,4533,108448.0,8.56,11.92,3.75,18.55,1.65,32.67,1.1,57.93,5.34,10.2
34023003002,Middlesex,6162,112538.0,2.58,7.87,1.28,8.94,3.14,5.42,15.79,17.87,59.22,5.7
34023003101,Middlesex,2952,111111.0,5.99,13.64,7.28,19.55,3.56,24.9,8.3,31.4,28.86,11.6
34023003102,Middlesex,4962,117500.0,5.9,22.15,3.18,12.43,1.79,15.7,16.34,40.04,25.8,10.1
34023003201,Middlesex,3900,139483.0,4.21,12.95,2.95,13.21,0.92,30.31,10.79,45.13,8.72,7.7
34023003203,Middlesex,4076,76688.0,9.1,26.4,4.44,12.68,5.78,34.52,1.47,47.5,13.13,13.4
34023003300,Middlesex,6409,78696.0,13.1,30.82,6.66,19.68,24.61,59.79,9.05,18.8,8.88,24.2
34023003401,Middlesex,4113,107230.0,4.33,10.65,4.19,18.04,2.55,33.45,12.84,41.94,10.5,9.2
34023003500,Middlesex,3749,95443.0,11.99,25.68,17.1,18.83,8.74,40.86,12.22,23.77,20.14,19.0
34023003601,Middlesex,7995,89167.0,7.93,18.32,2.79,17.19,10.04,28.46,22.86,20.38,27.37,13.8
34023003700,Middlesex,3632,88661.0,3.43,12.87,8.15,13.85,8.58,16.57,2.06,36.23,39.18,11.4
34023003801,Middlesex,5712,92750.0,1.94,15.69,16.68,14.69,3.81,35.54,12.83,24.37,24.6,11.8
34023003802,Middlesex,4091,65938.0,29.38,56.51,8.63,9.34,7.98,51.48,26.33,9.83,9.58,25.0
34023004000,Middlesex,4956,67488.0,15.11,22.42,11.17,16.46,34.26,76.92,7.97,10.63,2.04,26.6
34023004100,Middlesex,3037,67946.0,15.22,41.53,8.26,22.82,16.4,67.11,4.77,26.8,1.32,24.9
34023004200,Middlesex,3349,69033.0,24.44,32.46,13.87,6.72,23.81,89.97,0.66,5.61,3.61,25.2
34023004300,Middlesex,3689,59706.0,37.98,56.55,13.66,8.21,10.34,77.47,3.39,16.51,0.0,28.6
34023004400,Middlesex,4915,47660.0,21.33,35.85,14.65,8.08,14.26,85.7,1.38,12.33,0.31,22.2
34023004501,Middlesex,3778,55643.0,15.85,40.39,25.86,10.61,22.46,91.27,5.16,3.57,0.0,27.7
34023004502,Middlesex,3931,69604.0,20.55,41.49,19.08,5.32,4.65,56.75,24.98,10.33,5.9,19.9
34023004600,Middlesex,6419,55293.0,24.17,62.04,31.25,10.17,29.3,86.68,1.71,10.13,0.0,37.4
34023004700,Middlesex,4146,67708.0,17.66,44.11,26.19,10.3,20.95,76.36,2.39,20.65,0.6,28.3
34023004800,Middlesex,6417,50348.0,16.91,56.28,37.0,13.98,36.53,86.71,6.34,5.49,0.22,39.2
34023004900,Middlesex,5134,53116.0,17.25,41.62,18.48,23.24,39.43,81.13,0.93,13.67,2.96,35.9
34023005000,Middlesex,5507,91875.0,16.3,37.88,17.58,10.73,28.93,83.57,8.33,7.95,0.0,28.0
34023005100,Middlesex,6909,78026.0,36.52,50.14,6.79,4.56,4.39,10.54,5.83,63.21,17.63,22.6
34023005200,Middlesex,5726,46964.0,49.86,78.09,28.87,4.77,15.74,46.12,4.99,31.09,15.87,39.9
34023005300,Middlesex,3721,59955.0,23.6,57.32,28.84,5.99,34.89,67.86,7.28,22.36,2.26,36.9
34023005500,Middlesex,3816,34750.0,37.71,57.68,22.46,3.72,24.34,62.42,27.94,6.68,1.31,34.6
34023005601,Middlesex,3264,69871.0,6.92,46.45,31.8,6.25,25.8,66.18,16.79,16.45,0.58,28.1
34023005602,Middlesex,7018,69551.0,24.56,47.78,38.1,5.14,20.64,85.72,2.56,10.0,1.27,31.6
34023005700,Middlesex,6086,52083.0,30.73,54.57,16.9,12.73,13.51,59.96,20.08,6.74,1.74,29.4
34023005800,Middlesex,5193,36848.0,38.97,55.97,29.73,6.37,22.73,69.38,13.42,11.82,0.42,36.0
34023006001,Middlesex,2336,94744.0,5.0,14.36,5.22,14.81,7.09,41.87,14.43,35.53,4.84,11.2
34023006002,Middlesex,5907,56060.0,32.33,43.7,8.62,3.4,7.63,25.88,14.86,38.31,16.44,21.6
34023006101,Middlesex,5594,89417.0,13.31,25.82,11.12,14.57,29.94,54.34,8.67,28.12,6.02,24.9
34023006103,Middlesex,5618,86161.0,7.89,18.83,12.53,12.62,10.14,37.82,23.83,23.64,13.23,14.8
34023006104,Middlesex,4184,129406.0,1.84,4.33,2.44,12.62,3.24,19.38,19.69,28.44,25.24,6.0
34023006204,Middlesex,1582,119926.0,6.13,12.26,1.58,14.85,7.29,11.76,8.41,29.96,46.27,10.4
34023006205,Middlesex,6799,133617.0,4.34,8.27,1.88,23.02,1.84,10.16,18.0,23.3,42.08,9.2
34023006206,Middlesex,2260,196250.0,2.88,6.73,2.83,16.5,1.39,11.99,4.65,42.35,36.24,7.0
34023006207,Middlesex,7796,137824.0,7.26,22.17,11.01,12.79,8.34,45.01,16.09,26.48,9.7,14.4
34023006208,Middlesex,7566,128346.0,5.56,21.95,4.04,5.58,3.13,11.35,41.13,13.69,32.14,9.0
34023006209,Middlesex,2468,55208.0,27.24,44.73,0.78,27.51,3.74,6.44,16.29,63.01,8.83,23.4
34023006300,Middlesex,6994,119958.0,1.14,18.52,1.9,11.48,10.76,10.51,4.58,77.48,3.43,11.0
34023006403,Middlesex,2857,174018.0,5.36,7.88,5.99,14.14,3.05,10.43,7.77,45.43,31.43,8.5
34023006500,Middlesex,6864,169732.0,1.68,3.55,2.01,15.62,5.02,9.46,5.68,48.02,28.74,7.1
34023006601,Middlesex,2233,175714.0,1.88,3.63,0.18,24.5,1.82,19.97,1.57,58.49,19.12,7.7
34023006604,Middlesex,6797,107152.0,6.94,11.93,0.53,22.86,8.26,5.49,6.31,49.05,36.66,12.6
34023006605,Middlesex,4080,163837.0,3.95,9.65,2.26,16.72,8.66,4.95,2.43,59.71,31.35,10.5
34023006606,Middlesex,2884,212450.0,0.97,2.22,1.32,16.85,3.28,6.24,5.69,52.5,31.28,6.2
34023006607,Middlesex,2911,190990.0,2.1,3.74,0.86,17.21,3.63,19.96,1.51,58.85,13.23,6.8
34023006608,Middlesex,4008,130371.0,7.49,12.57,4.49,19.06,4.51,9.71,3.14,49.45,31.99,11.4
34023006701,Middlesex,3882,142875.0,1.89,6.35,0.0,13.21,2.13,10.97,11.1,60.3,16.23,5.6
34023006703,Middlesex,6321,149779.0,7.86,20.66,11.33,12.83,9.68,25.77,5.77,33.32,31.66,14.8
34023006800,Middlesex,4463,111197.0,6.12,17.72,7.93,16.78,8.13,24.54,1.99,60.95,0.81,13.5
34023006900,Middlesex,3853,88214.0,15.21,32.31,17.44,7.94,2.38,46.79,10.8,36.31,1.53,16.3
34023007000,Middlesex,7691,105176.0,12.35,19.54,1.72,14.72,5.55,17.8,15.13,57.57,7.35,12.7
34023007101,Middlesex,3597,113068.0,2.87,11.97,9.7,21.16,2.15,19.27,11.9,54.57,13.26,10.8
34023007102,Middlesex,4733,138727.0,4.31,12.21,3.08,17.03,4.95,3.85,1.84,61.42,29.73,9.9
34023007103,Middlesex,5742,75933.0,9.0,29.83,13.56,5.0,14.47,20.1,45.02,17.78,12.26,17.2
34023007202,Middlesex,4125,114837.0,3.55,10.98,12.29,14.06,2.37,10.55,7.71,50.64,27.88,9.7
34023007203,Middlesex,5000,117539.0,7.48,15.04,6.82,17.9,9.66,19.76,11.98,42.94,17.4,13.9
34023007301,Middlesex,3300,137600.0,4.79,5.06,8.45,13.58,2.46,19.33,5.0,69.39,6.09,8.0
34023007303,Middlesex,1976,125050.0,2.83,15.89,3.19,13.26,7.56,41.75,4.35,44.94,8.55,10.4
34023007305,Middlesex,3585,80436.0,10.32,19.22,11.44,16.01,12.05,23.96,9.54,43.26,16.32,16.8
34023007306,Middlesex,3440,105491.0,6.05,20.26,11.02,6.95,6.56,18.23,10.93,38.4,27.73,11.7
34023007402,Middlesex,5062,72967.0,5.63,15.03,3.04,23.65,1.75,24.26,5.59,54.19,13.89,11.2
34023007500,Middlesex,3480,102115.0,7.53,13.99,6.44,18.19,3.25,22.7,4.63,65.0,4.37,11.4
34023007600,Middlesex,6234,114432.0,7.49,15.91,5.47,15.85,2.98,19.31,11.0,60.31,4.38,10.9
34023007702,Middlesex,6612,101043.0,10.6,19.1,3.16,15.61,6.87,13.02,12.02,50.71,16.44,13.2
34023007703,Middlesex,3511,140938.0,3.28,7.32,7.12,9.11,1.44,14.55,13.64,60.92,4.47,6.4
34023007704,Middlesex,2651,87500.0,7.13,19.65,3.43,23.24,0.6,17.84,0.3,76.05,4.9,12.1
34023007801,Middlesex,2985,83333.0,9.41,15.14,6.06,15.78,4.35,25.13,10.49,54.27,6.6,11.8
34023007804,Middlesex,5821,115473.0,9.56,19.14,6.14,18.09,6.61,14.81,2.44,69.73,12.54,14.0
34023007805,Middlesex,4065,122083.0,6.08,13.3,5.97,16.41,6.17,17.27,5.63,61.38,14.05,11.4
34023007806,Middlesex,4560,96500.0,6.84,25.96,7.09,10.68,15.71,30.96,1.91,61.18,4.58,16.5
34023007905,Middlesex,2586,138102.0,3.09,6.61,1.2,16.2,3.31,17.17,22.0,49.03,5.92,7.4
34023007906,Middlesex,1266,81875.0,13.34,33.55,11.61,12.4,6.58,40.92,12.09,39.97,6.24,17.5
34023007907,Middlesex,3132,112439.0,2.75,8.72,3.61,13.73,3.88,15.8,4.79,67.43,9.61,7.8
34023007908,Middlesex,6013,65845.0,20.71,49.88,8.3,11.29,19.04,22.09,28.5,21.07,27.61,26.1
34023007909,Middlesex,3475,174643.0,1.76,4.03,2.19,13.04,1.7,10.13,1.9,70.13,17.38,5.4
34023007910,Middlesex,3470,66780.0,14.04,19.6,2.27,39.42,7.74,11.79,5.24,64.24,14.84,19.9
34023007911,Middlesex,4075,195265.0,2.34,13.17,10.33,11.39,1.0,6.99,5.23,51.21,25.08,8.3
34023007913,Middlesex,3849,114729.0,8.37,12.86,1.92,36.87,7.51,5.87,0.0,56.9,33.39,16.5
34023007914,Middlesex,3191,103325.0,6.99,16.01,0.56,21.5,0.0,14.29,1.35,63.93,17.93,10.1
34023008001,Middlesex,6130,89500.0,8.97,20.73,3.13,17.29,0.76,13.2,7.72,56.36,11.31,11.3
34023008101,Middlesex,4142,84479.0,4.9,19.51,2.34,26.61,5.25,12.31,1.76,72.96,8.57,13.8
34023008102,Middlesex,3970,117614.0,1.91,10.98,10.28,18.99,6.06,12.19,0.98,79.02,6.68,11.4
34023008103,Middlesex,2317,104143.0,2.89,11.26,6.86,13.12,0.71,11.26,4.66,69.92,10.1,7.7
34023008204,Middlesex,4476,68194.0,11.33,25.18,3.08,64.25,11.65,7.22,1.45,77.77,12.87,27.9
34023008205,Middlesex,3719,62713.0,5.43,17.77,0.94,83.62,4.53,4.71,0.89,87.87,6.53,26.7
34023008206,Middlesex,3697,51528.0,8.86,21.53,0.36,80.15,4.41,2.92,3.0,88.56,4.84,27.2
34023008207,Middlesex,2965,76277.0,5.67,10.02,0.37,76.73,2.56,0.98,0.54,82.39,14.64,22.7
34023008209,Middlesex,3656,138684.0,3.45,5.01,1.15,20.35,1.46,8.32,2.22,83.1,5.17,7.4
34023008210,Middlesex,3741,221467.0,4.17,6.95,2.91,12.96,4.59,5.72,0.0,45.2,44.64,7.7
34023008211,Middlesex,5891,198105.0,0.24,3.19,0.25,11.27,1.03,9.27,0.66,64.93,20.42,3.8
34023008212,Middlesex,4554,250001.0,1.13,3.25,0.46,5.88,0.0,14.62,3.71,52.13,27.21,2.4
34023008213,Middlesex,5368,129306.0,4.15,9.28,0.0,43.26,3.42,1.83,4.79,82.17,11.21,14.4
34023008214,Middlesex,10232,170206.0,1.53,8.85,0.91,30.23,6.56,2.88,3.23,36.38,55.68,11.9
34023008300,Middlesex,5763,117719.0,4.23,17.54,5.6,12.13,12.15,35.64,1.94,53.51,5.31,12.9
34023008403,Middlesex,7663,177341.0,1.16,8.23,1.93,19.65,2.92,1.57,5.02,34.87,50.12,8.1
34023008404,Middlesex,4165,130529.0,5.42,15.67,4.8,19.23,16.11,16.3,6.89,51.57,19.42,15.8
34023008405,Middlesex,5358,225096.0,3.27,9.09,4.29,10.66,5.47,5.84,2.02,40.13,52.02,8.0
34023008406,Middlesex,2187,164643.0,5.82,10.26,4.07,17.92,2.41,7.64,4.48,43.48,41.11,9.4
34023008501,Middlesex,4862,108288.0,8.52,16.91,3.66,5.37,6.48,15.61,10.41,22.99,46.07,9.7
34023008502,Middlesex,5942,224545.0,1.68,4.07,0.86,12.81,7.36,2.63,4.68,34.58,54.86,7.1
34023008504,Middlesex,7330,118409.0,7.62,12.06,1.0,18.87,4.89,8.28,5.23,41.04,43.23,10.7
34023008505,Middlesex,4909,140778.0,2.12,9.02,7.37,7.15,9.81,4.3,6.27,27.64,55.63,9.1
34023008506,Middlesex,4270,147446.0,1.64,4.59,3.72,13.0,9.89,7.85,3.49,19.41,66.02,8.8
34023008601,Middlesex,4995,137171.0,2.02,4.08,1.98,21.84,9.82,1.36,4.34,46.51,45.33,10.5
34023008602,Middlesex,6091,134184.0,1.27,5.21,2.48,9.41,12.96,2.41,4.01,24.79,66.77,8.8
34023008604,Middlesex,5499,121438.0,1.2,2.18,0.84,11.47,10.26,6.91,4.07,30.28,54.52,7.4
34023008605,Middlesex,3030,143173.0,4.29,14.98,3.96,7.82,10.41,5.45,11.65,15.58,63.6,10.4
34023008606,Middlesex,4339,97996.0,4.38,15.51,1.38,5.72,8.67,6.73,12.1,29.27,51.39,8.9
34023008700,Middlesex,4063,212250.0,4.0,5.75,0.96,21.76,0.5,3.05,4.85,62.74,24.02,7.7
34023008801,Middlesex,4793,130625.0,7.16,12.65,2.06,8.18,6.31,8.83,3.76,60.86,22.22,8.9
34023009000,Middlesex,6368,83478.0,14.19,28.69,4.52,8.18,7.17,17.18,44.36,27.61,8.87,14.5
34023009101,Middlesex,2570,129519.0,2.65,13.19,2.98,13.97,2.65,44.09,8.37,34.47,10.86,8.2
34023009200,Middlesex,4677,117625.0,6.35,9.45,7.63,15.33,3.53,41.86,6.8,36.69,8.4,9.8
34023009300,Middlesex,5768,90865.0,37.55,55.83,17.07,8.39,20.64,39.74,13.12,24.58,19.31,32.9
34023009400,Middlesex,6574,104526.0,6.27,31.4,4.88,14.31,9.89,18.62,6.11,46.46,24.78,15.7
34023980000,Middlesex,8,,0.0,0.0,100.0,0.0,0.0,100.0,0.0,0.0,0.0,20.0
34023980100,Middlesex,51,,0.0,35.29,15.69,35.29,0.0,33.33,0.0,31.37,0.0,18.6
34023980200,Middlesex,5751,118036.0,17.45,26.89,2.6,0.07,52.05,10.31,3.89,65.85,17.49,28.9
